{
  "train_mae": 0.8237634762901334,
  "train_rmse": 1.3561213195203428,
  "train_r2": 0.8540214896202087,
  "test_mae": 1.3044024481935577,
  "test_rmse": 2.482703427296977,
  "test_r2": 0.5891761779785156
}