{
  "train_mae": 0.822422206401825,
  "train_rmse": 1.3532296190938173,
  "train_r2": 0.8546433448791504,
  "test_mae": 1.2905200719833374,
  "test_rmse": 2.4467484520626344,
  "test_r2": 0.6009892225265503
}