{
  "train_mae": 0.8249275731485968,
  "train_rmse": 1.3583595552855583,
  "train_r2": 0.853539228439331,
  "test_mae": 1.3034483632656089,
  "test_rmse": 2.447783949623589,
  "test_r2": 0.6006513833999634
}